Name,DIY,Stack Size,Buy,Sell,Miles Price,Source,Source Notes,Tag,Color 1,Color 2,Version,Filename,Internal ID,Unique Entry ID,tipo
acorn,No,30,NFS,200.0,,Shaking a hardwood tree (Fall),,,,,1.0.0,DIYAcorn,5727,LWRPyLkySfCNkDvdv,OTHER
apple,No,10,400,500.0,,Apple tree,,,,,1.0.0,Apple,2213,iTWs2LBrcFu8XyDMF,OTHER
apple tree,No,1,NFS,300.0,,Planting an apple,,Plants,,,1.0.0,PltApple4,3360,4BFZn59FMC5eyCKXS,OTHER
Aquarius fragment,No,10,NFS,500.0,,Wishing on shooting stars (January 20 - February 18),,,,,1.0.0,StarpieceAquarius,5986,sHWduQNusYLWRjhzb,OTHER
arched tile path permit,No,1,NFS,,2000.0,Nook Miles Redemption,Found under the Special tab of the Nook Miles Redemption service.,,,,1.0.0,FtrGroundMakerStonePattern,8776,yDajuWo93WGgTR4bJ,OTHER
Aries fragment,No,10,NFS,500.0,,Wishing on shooting stars (March 21 - April 19),,,,,1.0.0,StarpieceAries,5988,D5JE2Ypt5vZ3C4EM6,OTHER
bamboo piece,No,30,NFS,80.0,,Chopping a bamboo tree,,,,,1.0.0,DIYBamboo,2501,RJpF9Apqi52AqPP25,OTHER
bamboo shoot,No,10,NFS,250.0,,Dig spot near a bamboo tree,,,,,1.0.0,BambooShoot,2295,kTmS9FFMxJFuCS7vr,OTHER
bamboo tree,No,1,NFS,1500.0,,Planting a bamboo shoot,,Plants,,,1.0.0,PltBamboo4,2815,m6And8qdTfySMh9kR,OTHER
Bell bag,No,99,NFS,,,Glowing dig spot,,,,,1.0.0,PhotoStudioBellBag,7731,MwHcZBfqcJ5vJzRqZ,OTHER
Bell voucher,No,1,NFS,,500.0,Nook Miles Redemption,Found under the Special tab of the Nook Miles Redemption service.,,,,1.0.0,BellExchangeTicket,9964,Ekx2qXMQw3nrBxbwC,OTHER
birthday cupcake,No,10,NFS,200.0,,Birthday,,Seasonal Decor,,,1.0.0,BirthdayCupcake,2779,Q5HRfFvkBvPw8TFPR,OTHER
black cosmos,No,10,NFS,240.0,,Picking flowers,,Plants,Black,Green,1.0.0,FlwCosmosBlack,2875,QveR5KriJ63ZvAmQs,OTHER
black lilies,No,10,NFS,80.0,,Picking flowers,,Plants,Black,Green,1.0.0,FlwYuriBlack,2999,GJEkbwJexHSSq3Kvp,OTHER
black roses,No,10,NFS,240.0,,Picking flowers,,Plants,Black,Green,1.0.0,FlwRoseBlack,2955,RAxXqgdwa6Jb3fKFX,OTHER
black tulips,No,10,NFS,80.0,,Picking flowers,,Plants,Black,Green,1.0.0,FlwTulipBlack,2903,WGvGEjXRYjucLHity,OTHER
black wrapping paper,No,10,160,40.0,,Nook's Cranny,,,,,1.0.0,WPaperBlack,7698,e726AGFuzKwPdeNZu,OTHER
black-cosmos plant,No,1,NFS,240.0,,Red/red cosmos,,Plants,,,1.0.0,PltCosmosBlack3,3834,o54h94yBpGiSSfKkr,OTHER
black-lily plant,No,1,NFS,80.0,,Red/red lilies,,Plants,,,1.0.0,PltYuriBlack3,3896,RgsTH72gphGY6AHsK,OTHER
black-rose plant,No,1,NFS,240.0,,Red/red roses,,Plants,,,1.0.0,PltRoseBlack3,3874,suqNAcWRFj6JJZKuk,OTHER
black-tulip plant,No,1,NFS,80.0,,Red/red tulips,,Plants,,,1.0.0,PltTulipBlack3,3848,2aiEhGHeGqQG725zX,OTHER
Blathers's tent marker,No,1,NFS,,,Tom Nook,,,,,1.0.0,MuseumTent,2755,57HSnpzwFHuTfBiyf,OTHER
blue hyacinths,No,10,NFS,80.0,,Picking flowers,,Plants,Blue,Green,1.0.0,FlwHyacinthBlue,3748,K6yui8FLmJvwNcfL4,OTHER
blue ornament,No,10,NFS,50.0,,Shaking a cedar tree (Festive Season),,,,,1.0.0,DIYOrnamentBlue,5731,s38Tms3PpjpWGnFtn,OTHER
blue pansies,No,10,NFS,80.0,,Picking flowers,,Plants,Blue,Green,1.0.0,FlwPansyBlue,2927,mNBAQ7xCjndP63TW8,OTHER
blue roses,No,10,NFS,1000.0,,Picking flowers,,Plants,Blue,Green,1.0.0,FlwRoseBlue,2959,C39ncDcJ44My6qoQm,OTHER
blue windflowers,No,10,NFS,80.0,,Picking flowers,,Plants,Blue,Green,1.0.0,FlwAnemonesBlue,3717,JmHWXFZvvgpJYrg8Z,OTHER
blue wrapping paper,No,10,160,40.0,,Nook's Cranny,,,,,1.0.0,WPaperBlue,7692,FK3PwoipGayPzS4SW,OTHER
blue-hyacinth plant,No,1,NFS,80.0,,White/white hyacinths,,Plants,,,1.0.0,PltHyacinthBlue3,3920,MNT54SyQWEWfaQAc6,OTHER
blue-hydrangea bush,No,1,560,140.0,,,,,,,1.2.0,PltHydrangeaBlue2,3800,trgrtapDMZkkyDfiz,OTHER
blue-hydrangea nursery,No,1,280,70.0,,,,,,,1.2.0,PltHydrangeaBlue0,12749,dGy5iDQkBijsuNMLM,OTHER
blue-hydrangea start,No,10,280,70.0,,,,,,,1.2.0,SeedHydrangeaBlue,3798,GNsNR4uHsjm4B7XJr,OTHER
blue-pansy plant,No,1,NFS,80.0,,White/white pansies,,Plants,,,1.0.0,PltPansyBlue3,3860,Zd4CiamQfSEbYcymn,OTHER
blue-rose plant,No,1,NFS,1000.0,,Orange/orange roses,,Plants,,,1.0.0,PltRoseBlue3,3876,XXDs7bACfxsb5ospo,OTHER
blue-windflower plant,No,1,NFS,80.0,,"White/white windflowers
Orange/white windflowers",,Plants,,,1.0.0,PltAnemonesBlue3,3902,A4yXEFxhamZ2fCfmG,OTHER
boot,No,1,40,10.0,,Fishing,Medium shadow,,,,1.0.0,TrashBoot,3469,7jBpMwNw25uQW345e,OTHER
brick path permit,No,1,NFS,,2000.0,Nook Miles Redemption,Found under the Special tab of the Nook Miles Redemption service.,,,,1.0.0,FtrGroundMakerBrick,8774,oHZbjoqc3QKK6WLCC,OTHER
bridge construction kit,Yes,1,NFS,,,Tom Nook,,Outdoors Decor,,,1.0.0,BridgeLogReserveKit,7211,qT8ewTJpgMGSEENoY,OTHER
bridge marker kit,No,1,NFS,,,Tom Nook,,,,,1.0.0,BridgeReserveKit,4310,nS86mCT42JirpqqPY,OTHER
brown wrapping paper,No,10,160,40.0,,Nook's Cranny,,,,,1.0.0,WPaperBrown,7696,hJhmHZLzeNSDBEoSo,OTHER
campsite construction kit,Yes,1,NFS,,,Tom Nook,,,,,1.0.0,CampsiteReserveKit,5166,ezCup9En25XEqADNt,OTHER
campsite moving kit,No,1,NFS,,,Tom Nook,,,,,1.0.0,MovingKitCampsite,6841,ZXGmQ8gab2KnTmP5a,OTHER
Cancer fragment,No,10,NFS,500.0,,Wishing on shooting stars (June 21 - July 22),,,,,1.0.0,StarpieceCancer,5991,SmqC4auAEN7GSNraA,OTHER
Capricorn fragment,No,10,NFS,500.0,,Wishing on shooting stars (Dec 22 - Jan 19),,,,,1.0.0,StarpieceCapricornus,5985,Yv5hZXu5AkG7sWNQ6,OTHER
cedar sapling,No,10,640,160.0,,Nook's Cranny,,Plants,,,1.0.0,SeedCedar,2800,LP6TnsveSD3AGAMmQ,OTHER
cedar tree,No,1,NFS,240.0,,Planting a cedar start,,Plants,,,1.0.0,PltCedar4,2805,scFwAJ9XXGD3G6NbX,OTHER
chartreuse wrapping paper,No,10,160,40.0,,Nook's Cranny,,,,,1.0.0,WPaperLightGreen,7686,RWcJQMBA79cybhZDM,OTHER
cherry,No,10,400,500.0,,Cherry tree,,,,,1.0.0,Cherry,2287,vAujDBhEiEHX39WDn,OTHER
cherry tree,No,1,NFS,300.0,,Planting a cherry,,Plants,,,1.0.0,PltCherry4,3381,GhjdFWs3sFftbtd2W,OTHER
cherry-blossom petal,No,10,NFS,,,Catching with a net (Cherry-Blossom Season),,,,,1.0.0,Sakurapetal,5859,7hYtxcDFLTySLx8Nz,OTHER
clay,No,30,NFS,100.0,,Hitting a rock,,,,,1.0.0,DIYClay,3090,3yoCRN4WNjdYKQEJB,OTHER
cliff construction permit,No,1,NFS,,6000.0,Nook Miles Redemption,Found under the Special tab of the Nook Miles Redemption service.,,,,1.0.0,FtrCliffMaker,8781,WQsguRuMd9bwEFu5j,OTHER
clump of weeds,No,99,NFS,10.0,,On ground,,Plants,,,1.0.0,PltWeed,2624,GEtNwS4vwNF7oBvw9,OTHER
coconut,No,10,NFS,250.0,,Coconut tree,,,,,1.0.0,Coconut,2288,eHNoTML3CsNoaHoZ9,OTHER
coconut tree,No,1,NFS,500.0,,Planting a coconut,,Plants,,,1.0.0,PltPalm4,2810,c4FSMaXCEqboxnQzT,OTHER
coin,No,9,NFS,0.0,,Shaking a tree,,,,,1.0.0,PhotoStudioBell,7730,jNjH659eycYXADzaq,OTHER
communicator part,No,10,NFS,20.0,,Clam dig spot while on a quest for Gulliver,,,,,1.0.0,JohnnyQuest1,2381,XiM7GBuMGY9HReqm2,OTHER
conch,No,10,NFS,700.0,,Beach,,,,,1.0.0,ShellDriftHora,1376,rtDktiz93Crc46m5c,OTHER
coral,No,10,NFS,500.0,,Beach,,,,,1.0.0,ShellDriftSango,1380,4CHLh45qehAS8wHpb,OTHER
cowrie,No,10,NFS,60.0,,Beach,,,,,1.0.0,ShellDriftTakara,1382,zxAax3FMiJMX9Chet,OTHER
custom design path permit,No,1,NFS,,2300.0,Nook Miles Redemption,Found under the Special tab of the Nook Miles Redemption service.,,,,1.0.0,FtrGroundMakerMydesign,9771,gsKtaovfLwrynQzh2,OTHER
Custom Design Pro Editor,No,1,NFS,,800.0,Nook Miles Redemption,,,,,1.0.0,HowtoBookMydesingPro,12185,MMYBdDHWn2kW2Maze,OTHER
customizable phone case kit,No,1,NFS,,1800.0,Nook Miles Redemption,Found under the Special tab of the Nook Miles Redemption service.,,,,1.0.0,SmartphoneCase,8760,nwyFbGaLtmPjknPTY,OTHER
customization kit,No,50,600,150.0,,Nook's Cranny,,Supplies,,,1.0.0,RemakeKit,2513,Ld3gGWdjsFZscs6Qq,OTHER
dark dirt path permit,No,1,NFS,,2000.0,Nook Miles Redemption,Found under the Special tab of the Nook Miles Redemption service.,,,,1.0.0,FtrGroundMakerDarkSoil,8775,E6p3k7jqPy5nQZqkx,OTHER
delivery,No,1,NFS,222.0,,Delivering item for a villager,,,,,1.0.0,DummyCardboard,4645,dSEW4GQniyS8P6SnE,OTHER
delivery box,No,1,NFS,,,Nook Shopping,,,,,1.0.0,QuestWrappingBox,4245,KGs8SGuNQXerMe7xC,OTHER
DIY for Beginners,No,1,480,,,Nook's Cranny,,,,,1.0.0,DIYbook1,5603,Xg3ZJkcs2GKKj629h,OTHER
earth egg,No,30,NFS,200.0,,Dig spot (Bunny Day),,,,,1.1.0a,EggGround,12509,GfuzxkKwqvLMLq4TJ,OTHER
egg message bottle,No,1,NFS,,,Beach (Bunny Day),,,,,1.1.0a,MessageBottleEgg,12544,AQictTWfneH93yYQM,OTHER
elegant mushroom,No,10,NFS,10000.0,,On ground (Mushroom Season),,,,,1.0.0,MushSplendid,3276,kHtGRmaZmf3foEhwz,OTHER
empty can,No,1,NFS,10.0,,Fishing,Small shadow,,,,1.0.0,TrashCan,3466,rqiTcqwQexTmYoPTH,OTHER
fish bait,Yes,10,NFS,200.0,,Crafting,,,,,1.0.0,FishBait,4549,Ghm4XtGMDXTpyFQSj,OTHER
flat mushroom,No,10,NFS,200.0,,On ground (Mushroom Season),,,,,1.0.0,MushFlat,3279,Ym7BRDNMQF6nZL446,OTHER
fossil,No,1,NFS,100.0,,Dig spot,,,,,1.0.0,Fossil,2579,ZwqydviSR4WiRWdDA,OTHER
Gemini fragment,No,10,NFS,500.0,,Wishing on shooting stars (May 21 - June 20),,,,,1.0.0,StarpieceGemini,5990,FKd48SRH79uQKweuZ,OTHER
giant clam,No,10,NFS,900.0,,Beach,,,,,1.0.0,ShellDriftSyako,1381,yzrzGTGG6mdN2N4d4,OTHER
gold nugget,No,30,NFS,10000.0,,Hitting a rock,,,,,1.0.0,DIYGold,2505,i7QscMET7RcTdffLC,OTHER
gold ornament,No,10,NFS,50.0,,Shaking a cedar tree (Festive Season),,,,,1.0.0,DIYOrnamentGold,5732,PDc3gmJTvyra4nNb6,OTHER
gold roses,No,10,NFS,1000.0,,Picking flowers,,Plants,Yellow,Yellow,1.0.0,FlwRoseGold,2963,6B9RaLkgxyFA72rdm,OTHER
gold wrapping paper,No,10,160,40.0,,Nook's Cranny,,,,,1.0.0,WPaperGold,7695,nKFEifDX73E7y86s3,OTHER
gold-rose plant,No,1,NFS,1000.0,,"Black/black roses
Water with gold watering can",,Plants,,,1.0.0,PltRoseGold3,3878,vgqcsR2h6B96skooq,OTHER
gray wrapping paper,No,10,160,40.0,,Nook's Cranny,,,,,1.0.0,WPaperGray,7697,yiydxSjmgGZiNBxsm,OTHER
green mums,No,10,NFS,240.0,,Picking flowers,,Plants,Green,Green,1.0.0,FlwMumGreen,5175,iZDGXg9rxMCXkkRXQ,OTHER
green wrapping paper,No,10,160,40.0,,Nook's Cranny,,,,,1.0.0,WPaperGreen,7687,3mskzQhZ5uWSBJ373,OTHER
green-mum plant,No,1,NFS,240.0,,Purple/purple mums,,Plants,,,1.0.0,PltMumGreen3,3934,ejT89srWvyFe6eQKf,OTHER
hardwood,No,30,NFS,60.0,,Chopping a tree,,,,,1.0.0,DIYWoodHard,2769,ni3n8DjyCZ9cghTD2,OTHER
hardwood tree,No,1,NFS,240.0,,Planting a sapling,,Plants,,,1.0.0,PltOak4,2799,iGMxqfQ39pMGzJrji,OTHER
heart crystal,No,30,400,100.0,,Reese,Reward for helping Cyrus & Reese during Wedding Season,,,,1.2.0,Love,12546,Seo4ym9pKPhr7A6yb,OTHER
holly bush,No,1,560,140.0,,,,,,,1.2.0,PltHolly2,3027,iS4C5XqHay6jggFoL,OTHER
holly nursery,No,1,280,70.0,,,,,,,1.2.0,PltHolly0,12757,vyJTecdJnm8PS8zh6,OTHER
holly start,No,10,280,70.0,,,,,,,1.2.0,SeedHolly,3024,ikDCfcT8TcvyPNH8Y,OTHER
housing kit,No,1,NFS,,,Tom Nook,,,,,1.0.0,NnpcNewHousingkit,3349,3H4M8fad4hXPPK9tq,OTHER
incline marker kit,No,1,NFS,,,Tom Nook,,,,,1.0.0,SlopeReserveKit,4311,Nmp2P7XPoEWX2tQG6,OTHER
iron nugget,No,30,NFS,375.0,,Hitting a rock,,,,,1.0.0,DIYIron,2511,smkrptPsq6cK6e7ya,OTHER
large snowflake,No,10,NFS,,,Snowboy,Reward for making a perfect Snowboy; Only available during Winter,,,,1.0.0,SnowCrystalLarge,3540,roPJbuZmNfYv9k3Q5,OTHER
large star fragment,No,10,NFS,2500.0,,Wishing on shooting stars,,,,,1.0.0,StarpieceRare,5984,FA6nhbrBzK7ESdoDL,OTHER
leaf egg,No,30,NFS,200.0,,Shaking a hardwood tree (Bunny Day),,,,,1.1.0a,EggLeaf,12511,3rZgwsLcirdRrMrND,OTHER
Leo fragment,No,10,NFS,500.0,,Wishing on shooting stars (July 23 - August 22),,,,,1.0.0,StarpieceLeo,5992,kxQAgnSXcGbYHtNLB,OTHER
Libra fragment,No,10,NFS,500.0,,Wishing on shooting stars (September 23 - October 22),,,,,1.0.0,StarpieceLibra,5994,SRpunGqz97ZSyQeKq,OTHER
light-blue wrapping paper,No,10,160,40.0,,Nook's Cranny,,,,,1.0.0,WPaperLightBlue,7689,k6ZfmjnoDpGqHWweS,OTHER
lily-of-the-valley plant,No,1,NFS,222.0,,5-star town status,,Plants,,,1.0.0,PltSuzuran2,7651,LXttqtLN2HF8PhQbu,OTHER
lost item,No,1,NFS,,,On ground,,,,,1.0.0,LostQuestBag,2374,uncR4zC9xppuSkiij,OTHER
lost item,No,1,NFS,,,On ground,,,,,1.0.0,LostQuestBook,2375,ymD8pZhYvP99PRiYr,OTHER
lost item,No,1,NFS,,,On ground,,,,,1.0.0,LostQuestNote,5426,Fd7AxQwkCjc5RmfRW,OTHER
manila clam,No,1,NFS,100.0,,Clam dig spot,,,,,1.0.0,FtrShellFishAsari,2567,JFoiWRD9rYYRQchWY,OTHER
maple leaf,No,10,NFS,,,Catching with a net (Fall),,,,,1.0.0,AutumnLeaf,7374,iNPeEEqdSxkjKFPDS,OTHER
medicine,Yes,10,400,100.0,,Nook's Cranny,,Hospital,,,1.0.0,ItemMedicine,2777,3pirDraBT9LTcGCDc,OTHER
message bottle,No,1,NFS,,,Beach,,,,,1.0.0,MessageBottle,5793,euJRD9W3hqTR3YeGC,OTHER
mint wrapping paper,No,10,160,40.0,,Nook's Cranny,,,,,1.0.0,WPaperMint,7688,J7HrFYe8eAajkNBPk,OTHER
money tree,No,1,NFS,240.0,,Burying bells in a glowing spot,,Plants,,,1.0.0,PltMoney4,4426,ePzXeAjEBZXBhxuAF,OTHER
moving kit,No,1,NFS,,,Tom Nook,,,,,1.0.0,MovingKitPlayer,5358,MyYYwJYdNvcGSEoFZ,OTHER
museum moving kit,No,1,NFS,,,Tom Nook,,,,,1.0.0,MovingKitMuseum,5361,nrLWMtL3jGmWYDAQM,OTHER
navy wrapping paper,No,10,160,40.0,,Nook's Cranny,,,,,1.0.0,WPaperNavy,7691,Ms5AhyNbJL5DuZrh2,OTHER
Nook Miles Ticket,No,1,NFS,,2000.0,Nook Miles Redemption,Found under the Special tab of the Nook Miles Redemption service.,,,,1.0.0,MilePlaneTicket,5851,FAn9xRZvpBRAad3E6,OTHER
old tire,No,1,NFS,10.0,,Fishing,Large shadow,,,,1.0.0,TrashTire,3470,3S8juGp87QfHvtpyq,OTHER
orange,No,10,400,500.0,,Orange tree,,,,,1.0.0,Orange,2214,T54w2hgHB3Edytw3f,OTHER
orange cosmos,No,10,NFS,80.0,,Picking flowers,,Plants,Orange,Green,1.0.0,FlwCosmosOrange,2871,Hvp5sHy7uPHnH2Qda,OTHER
orange hyacinths,No,10,NFS,80.0,,Picking flowers,,Plants,Orange,Green,1.0.0,FlwHyacinthOrange,3741,H7pirF6ynSFrpgLMN,OTHER
orange lilies,No,10,NFS,80.0,,Picking flowers,,Plants,Orange,Green,1.0.0,FlwYuriOrange,2995,Y8kaixfp7SEvzCDCd,OTHER
orange pansies,No,10,NFS,80.0,,Picking flowers,,Plants,Red,Green,1.0.0,FlwPansyRedYellow,2919,atQLxZD4CSqYsaNkM,OTHER
orange roses,No,10,NFS,80.0,,Picking flowers,,Plants,Orange,Green,1.0.0,FlwRoseOrange,2947,MsnwoMvrqgeH2ZrG6,OTHER
orange tree,No,1,NFS,300.0,,Planting an orange,,Plants,,,1.0.0,PltOrange4,3365,RjcKphnD5xgCxeMFM,OTHER
orange tulips,No,10,NFS,80.0,,Picking flowers,,Plants,Orange,Green,1.0.0,FlwTulipOrange,2895,h9SC924x9vkjSAsBC,OTHER
orange windflowers,No,10,NFS,40.0,,Picking flowers,,Plants,Orange,Green,1.0.0,FlwAnemonesOrange,3713,dCQyoCdY9JFYxHXbR,OTHER
orange wrapping paper,No,10,160,40.0,,Nook's Cranny,,,,,1.0.0,WPaperOrange,7685,brMQqHjgqsMz5kdtb,OTHER
orange-cosmos plant,No,1,NFS,80.0,,Red/yellow cosmos,,Plants,,,1.0.0,PltCosmosOrange3,3832,ZMn3hzNpMRg9vkW7E,OTHER
orange-hyacinth plant,No,1,NFS,80.0,,Red/yellow hyacinths,,Plants,,,1.0.0,PltHyacinthOrange3,3916,Qm6vasEvBMXEaWDgF,OTHER
orange-lily plant,No,1,NFS,80.0,,Red/yellow lilies,,Plants,,,1.0.0,PltYuriOrange3,3894,b2dp3BnCjLEQTcyHt,OTHER
orange-pansy plant,No,1,NFS,80.0,,Red/yellow pansies,,Plants,,,1.0.0,PltPansyRedYellow3,3856,NN4tLZwnXJA7nsQJF,OTHER
orange-rose plant,No,1,NFS,80.0,,Red/yellow roses,,Plants,,,1.0.0,PltRoseOrange3,3870,WN72HFoZ3fyhwQ5NG,OTHER
orange-tea-olive bush,No,1,560,140.0,,,,,,,1.2.0,PltBushOsmathusOrange2,12482,ijnrJoK6XMityJZDM,OTHER
orange-tea-olive nursery,No,1,280,70.0,,,,,,,1.2.0,PltBushOsmathusOrange0,12754,YiNQSEMBSiYzc45YQ,OTHER
orange-tea-olive start,No,10,280,70.0,,,,,,,1.2.0,SeedBushOsmathusOrange,12480,QRyD9Q4f7vzqQdeCs,OTHER
orange-tulip plant,No,1,NFS,80.0,,Red/yellow tulips,,Plants,,,1.0.0,PltTulipOrange3,3844,iYi6dRqA3vA8fb4oZ,OTHER
orange-windflower bag,No,10,240,60.0,,Nook's Cranny,,Plants,,,1.0.0,SeedAnemonesOrange,3714,HuPd5NbyLkkFvigEo,OTHER
orange-windflower plant,No,1,NFS,40.0,,Seed bag,,Plants,,,1.0.0,PltAnemonesOrange3,3900,E9PAkZEzQ3HaJiRqy,OTHER
peach,No,10,400,500.0,,Peach tree,,,,,1.0.0,Peach,2286,qjF3dwhQy3e2LiWtr,OTHER
peach tree,No,1,NFS,300.0,,Planting a peach,,Plants,,,1.0.0,PltPeach4,3375,jr4TgJyTJyZ933o6T,OTHER
pear,No,10,400,500.0,,Pear tree,,,,,1.0.0,Pear,2285,pnTL7PHd4rtyzkanu,OTHER
pear tree,No,1,NFS,300.0,,Planting a pear,,Plants,,,1.0.0,PltPear4,3370,7kQWGcj7EmNqj8KiL,OTHER
pine cone,No,30,NFS,200.0,,Shaking a cedar tree (Fall),,,,,1.0.0,DIYPinecone,5728,pKvkjhsyir2FimNts,OTHER
pink cosmos,No,10,NFS,80.0,,Picking flowers,,Plants,Pink,Green,1.0.0,FlwCosmosPink,2867,898Ts8bbEr7iNZzGG,OTHER
pink hyacinths,No,10,NFS,80.0,,Picking flowers,,Plants,Pink,Green,1.0.0,FlwHyacinthPink,3738,wNbmG4DKhkErfibGX,OTHER
pink lilies,No,10,NFS,80.0,,Picking flowers,,Plants,Pink,Green,1.0.0,FlwYuriPink,2991,kiCkkhX3PNkfauJXo,OTHER
pink mums,No,10,NFS,80.0,,Picking flowers,,Plants,Pink,Green,1.0.0,FlwMumPink,3765,xNhBxScQvumKJeYDz,OTHER
pink roses,No,10,NFS,80.0,,Picking flowers,,Plants,Pink,Green,1.0.0,FlwRosePink,2943,Y3XgoGJjbP4FARKP8,OTHER
pink tulips,No,10,NFS,80.0,,Picking flowers,,Plants,Pink,Green,1.0.0,FlwTulipPink,2891,xsXifs2QAihKWQneZ,OTHER
pink windflowers,No,10,NFS,80.0,,Picking flowers,,Plants,Pink,Green,1.0.0,FlwAnemonesPink,3720,ap2QtwXRXd3rCw99D,OTHER
pink wrapping paper,No,10,160,40.0,,Nook's Cranny,,,,,1.0.0,WPaperPink,7684,nRfsjMz6ctyb5gpGt,OTHER
pink-azalea bush,No,1,560,140.0,,,,,,,1.2.0,PltAzaleaPink2,3788,jy3SJweiZ5ketX4zg,OTHER
pink-azalea nursery,No,1,280,70.0,,,,,,,1.2.0,PltAzaleaPink0,12748,Ez7WK3mA2WD5CeyHb,OTHER
pink-azalea start,No,10,280,70.0,,,,,,,1.2.0,SeedAzaleaPink,3786,R69MFoTNoTFaAFokq,OTHER
pink-camellia bush,No,1,560,140.0,,,,,,,1.2.0,PltBushCamelliaPink2,12492,tKaeYZdRmGtTShfmH,OTHER
pink-camellia nursery,No,1,280,70.0,,,,,,,1.2.0,PltBushCamelliaPink0,12756,dCLfqkekaY3tAFmvc,OTHER
pink-camellia start,No,10,280,70.0,,,,,,,1.2.0,SeedBushCamelliaPink,12490,nWKkXpxtQqLCtmPEG,OTHER
pink-cosmos plant,No,1,NFS,80.0,,Red/white cosmos,,Plants,,,1.0.0,PltCosmosPink3,3830,sPeds6o4kAXvts6mc,OTHER
pink-hyacinth plant,No,1,NFS,80.0,,Red/white hyacinths,,Plants,,,1.0.0,PltHyacinthPink3,3914,3w8JnddzGnc2yb4LF,OTHER
pink-hydrangea bush,No,1,560,140.0,,,,,,,1.2.0,PltHydrangeaPink2,3796,t3sEjgXcrmrJ9WbS7,OTHER
pink-hydrangea nursery,No,1,280,70.0,,,,,,,1.2.0,PltHydrangeaPink0,12750,6FZYjcB7o4msQZhhM,OTHER
pink-hydrangea start,No,10,280,70.0,,,,,,,1.2.0,SeedHydrangeaPink,3794,MeN5MT4W7J4dbcWcC,OTHER
pink-lily plant,No,1,NFS,80.0,,Red/white lilies,,Plants,,,1.0.0,PltYuriPink3,3892,iRrTAcjkNBukdsAQm,OTHER
pink-mum plant,No,1,NFS,80.0,,Red/white mums,,Plants,,,1.0.0,PltMumPink3,3930,yP44c6mMQC7u5udxv,OTHER
pink-rose plant,No,1,NFS,80.0,,Red/white roses,,Plants,,,1.0.0,PltRosePink3,3868,wpLag9jyPSoMr6wcW,OTHER
pink-tulip plant,No,1,NFS,80.0,,Red/white tulips,,Plants,,,1.0.0,PltTulipPink3,3842,usSvXn26PTCuavTHo,OTHER
pink-windflower plant,No,1,NFS,80.0,,Red/orange windflowers,,Plants,,,1.0.0,PltAnemonesPink3,3904,YJfanQias2fdR9t9X,OTHER
Pisces fragment,No,10,NFS,500.0,,Wishing on shooting stars (February 19 - March 20),,,,,1.0.0,StarpiecePisces,5987,nCwjX8yHBFefjAion,OTHER
pitfall seed,Yes,10,NFS,140.0,,Crafting,,,,,1.0.0,PitfallSeed,2578,HYdEMJJQXzoudrWDT,OTHER
plot 1 housing kit,No,1,NFS,,,Tom Nook,,,,,1.0.0,HousingKitRcoQuestA,5827,2JkqabfsQ26vYe7Fp,OTHER
plot 2 housing kit,No,1,NFS,,,Tom Nook,,,,,1.0.0,HousingKitRcoQuestB,5828,h63H2kQtzWceBt57Y,OTHER
plot 3 housing kit,No,1,NFS,,,Tom Nook,,,,,1.0.0,HousingKitRcoQuestC,5829,5JGfxP3vczLy755Y4,OTHER
Pocket Organization Guide,No,1,NFS,,5000.0,Nook Miles Redemption,,,,,1.0.0,HowtoBookPocketExpansion,9052,rMYGGvqwXxrzrA2FG,OTHER
present,No,1,NFS,222.0,,Mail,,Seasonal Decor,,,1.0.0,DummyPresentbox,4480,eKkBqvy3TwbZbNQWZ,OTHER
present (black),No,1,NFS,,,Wrapping a present,,,,,1.0.0,DummyWrappingBlack,7714,Fz8reyFJoWrSLQSvq,OTHER
present (blue),No,1,NFS,,,Wrapping a present,,,,,1.0.0,DummyWrappingBlue,7708,f38mKJ6yzmhtjyWXS,OTHER
present (brown),No,1,NFS,,,Wrapping a present,,,,,1.0.0,DummyWrappingBrown,7712,hwkpJC9vq2AYKrhqe,OTHER
present (chartreuse),No,1,NFS,,,Wrapping a present,,,,,1.0.0,DummyWrappingLightGreen,7702,78JwZftyosktxaKyQ,OTHER
present (gold),No,1,NFS,,,Wrapping a present,,,,,1.0.0,DummyWrappingGold,7711,JzsQLAwTvEPAZ2f9x,OTHER
present (gray),No,1,NFS,,,Wrapping a present,,,,,1.0.0,DummyWrappingGary,7713,fw5ehh62f4u6rvQbw,OTHER
present (green),No,1,NFS,,,Wrapping a present,,,,,1.0.0,DummyWrappingGreen,7703,9uhhf44dFKeQ4b5zP,OTHER
present (light-blue),No,1,NFS,,,Wrapping a present,,,,,1.0.0,DummyWrappingLightBlue,7705,gFWMoXzFEjAaBkoFi,OTHER
present (mint),No,1,NFS,,,Wrapping a present,,,,,1.0.0,DummyWrappingMint,7704,uWkGsjeN7twxbeXLR,OTHER
present (navy),No,1,NFS,,,Wrapping a present,,,,,1.0.0,DummyWrappingNavy,7707,YeKbW5aZJbTqDGemJ,OTHER
present (orange),No,1,NFS,,,Wrapping a present,,,,,1.0.0,DummyWrappingOrange,7701,nHGaD5m8mC7s7CXvL,OTHER
present (pink),No,1,NFS,,,Wrapping a present,,,,,1.0.0,DummyWrappingPink,7700,pvtYwhqa379pE76XE,OTHER
present (purple),No,1,NFS,,,Wrapping a present,,,,,1.0.0,DummyWrappingPurple,7706,7hrL79hJbARyu7ipm,OTHER
present (red),No,1,NFS,,,Wrapping a present,,,,,1.0.0,DummyWrappingRed,7710,id6zFR4kWdzBig22Z,OTHER
present (white),No,1,NFS,,,Wrapping a present,,,,,1.0.0,DummyWrappingWhite,7709,a5AhJAfzsgzgTfMty,OTHER
present (yellow),No,1,NFS,,,Wrapping a present,,,,,1.0.0,DummyWrappingYellow,7699,BammpXwkmiSSZ7uxz,OTHER
Pretty Good Tools Recipes,No,1,NFS,,3000.0,Nook Miles Redemption,,,,,1.0.0,DIYbookNormalTools,9221,qX2D6tr7ba6exWbPj,OTHER
purple hyacinths,No,10,NFS,240.0,,Picking flowers,,Plants,Purple,Green,1.0.0,FlwHyacinthPurple,3751,9F9TFje8ycfZHtGwb,OTHER
purple mums,No,10,NFS,80.0,,Picking flowers,,Plants,Purple,Green,1.0.0,FlwMumPurple,3762,Cx4oGE5eG4dByu52t,OTHER
purple pansies,No,10,NFS,240.0,,Picking flowers,,Plants,Purple,Green,1.0.0,FlwPansyPurple,2923,j7gZeSSTHAcNjGTz7,OTHER
purple roses,No,10,NFS,240.0,,Picking flowers,,Plants,Purple,Green,1.0.0,FlwRosePurple,2951,7YDMvyAt4FvfmZzpX,OTHER
purple tulips,No,10,NFS,240.0,,Picking flowers,,Plants,Purple,Green,1.0.0,FlwTulipPurple,2899,ifT7cGFbysTHCWFES,OTHER
purple windflowers,No,10,NFS,240.0,,Picking flowers,,Plants,Purple,Green,1.0.0,FlwAnemonesPurple,3727,k8fi3AsuMB335GrxH,OTHER
purple wrapping paper,No,10,160,40.0,,Nook's Cranny,,,,,1.0.0,WPaperPurple,7690,XYFjS9w89jxHJTJks,OTHER
purple-hyacinth plant,No,1,NFS,240.0,,Blue/blue hyacinths,,Plants,,,1.0.0,PltHyacinthPurple3,3922,25W3Z8QHvkuxynosQ,OTHER
purple-mum plant,No,1,NFS,80.0,,White/white mums,,Plants,,,1.0.0,PltMumPurple3,3928,h5JsnSkRkX5nHgvkJ,OTHER
purple-pansy plant,No,1,NFS,240.0,,Blue/blue pansies,,Plants,,,1.0.0,PltPansyPurple3,3858,TRTMbvSzctgwWM6is,OTHER
purple-rose plant,No,1,NFS,240.0,,White/white roses,,Plants,,,1.0.0,PltRosePurple3,3872,o8Z9gXXxjwrerp3Xm,OTHER
purple-tulip plant,No,1,NFS,240.0,,Orange/orange tulips,,Plants,,,1.0.0,PltTulipPurple3,3846,P5kEKdgi4EkF3Fxge,OTHER
purple-windflower plant,No,1,NFS,240.0,,"Blue/blue windflowers
Blue/pink windflowers",,Plants,,,1.0.0,PltAnemonesPurple3,3908,K2PvXjrjRrJcxWKDZ,OTHER
rare mushroom,No,10,NFS,16000.0,,On ground (Mushroom Season),,,,,1.0.0,MushRare,3280,TBrdJZWSzGth68Hs9,OTHER
red cosmos,No,10,NFS,40.0,,Picking flowers,,Plants,Red,Green,1.0.0,FlwCosmosRed,2304,df2GEMdr8rzF848iG,OTHER
red hyacinths,No,10,NFS,40.0,,Picking flowers,,Plants,Red,Green,1.0.0,FlwHyacinthRed,3744,ch44Hxnuhc4xFnaGq,OTHER
red lilies,No,10,NFS,40.0,,Picking flowers,,Plants,Red,Green,1.0.0,FlwYuriRed,2983,Ccbkzs9BxFwttCGux,OTHER
red mums,No,10,NFS,40.0,,Picking flowers,,Plants,Red,Green,1.0.0,FlwMumRed,3768,YbZtSHeqdMEZfvMSj,OTHER
red ornament,No,10,NFS,50.0,,Shaking a cedar tree (Festive Season),,,,,1.0.0,DIYOrnamentRed,5730,n7d3HHquNv3trZZ6a,OTHER
red pansies,No,10,NFS,40.0,,Picking flowers,,Plants,Red,Green,1.0.0,FlwPansyRed,2911,nifAbNAEXppAEJ2Rc,OTHER
red roses,No,10,NFS,40.0,,Picking flowers,,Plants,Red,Green,1.0.0,FlwRoseRed,2935,6whx4t9k8aztJN6a4,OTHER
red tulips,No,10,NFS,40.0,,Picking flowers,,Plants,Red,Green,1.0.0,FlwTulipRed,2883,wbJwAKy9SJsuWeHLn,OTHER
red windflowers,No,10,NFS,40.0,,Picking flowers,,Plants,Red,Green,1.0.0,FlwAnemonesRed,3723,JRcjMczbQ6geDSWDb,OTHER
red wrapping paper,No,10,160,40.0,,Nook's Cranny,,,,,1.0.0,WPaperRed,7694,AN7s2Q67gmpxy89Tv,OTHER
red-camellia bush,No,1,560,140.0,,,,,,,1.2.0,PltBushCamelliaRed2,12489,wBA9LGru4uetCqQsx,OTHER
red-camellia nursery,No,1,280,70.0,,,,,,,1.2.0,PltBushCamelliaRed0,12755,LPkQdZzHsh3qM3d5y,OTHER
red-camellia start,No,10,280,70.0,,,,,,,1.2.0,SeedBushCamelliaRed,12487,wZBBMZvxkDz22tpLo,OTHER
red-cosmos bag,No,10,240,60.0,,Nook's Cranny,,Plants,,,1.0.0,SeedCosmosRed,2626,uSN5GeiPFdq4sXM9p,OTHER
red-cosmos plant,No,1,NFS,40.0,,Seed bag,,Plants,,,1.0.0,PltCosmosRed3,3824,6DQtRdnKv3wncjoLn,OTHER
red-hibiscus bush,No,1,560,140.0,,,,,,,1.2.0,PltHibiscusRed2,3022,9L4XDnErnxfq4WzYC,OTHER
red-hibiscus nursery,No,1,280,70.0,,,,,,,1.2.0,PltHibiscusRed0,12752,5e9BLEje6guhmNMuk,OTHER
red-hibiscus start,No,10,280,70.0,,,,,,,1.2.0,SeedHibiscusRed,3019,fru8KaSmhXoKiPmxJ,OTHER
red-hyacinth bag,No,10,240,60.0,,Nook's Cranny,,Plants,,,1.0.0,SeedHyacinthRed,3745,4hfNdxNQWkQ9qf6QN,OTHER
red-hyacinth plant,No,1,NFS,40.0,,Seed bag,,Plants,,,1.0.0,PltHyacinthRed3,3918,2NJn5Znkpfj3PZ3h4,OTHER
red-lily bag,No,10,240,60.0,,Nook's Cranny,,Plants,,,1.0.0,SeedYuriRed,2984,6omvRhe5bmd4Abd3z,OTHER
red-lily plant,No,1,NFS,40.0,,Seed bag,,Plants,,,1.0.0,PltYuriRed3,3888,FpdTm8BJu2va7bxe3,OTHER
red-mum bag,No,10,240,60.0,,Nook's Cranny,,Plants,,,1.0.0,SeedMumRed,3769,BZzzrHDtZyDqP9Jot,OTHER
red-mum plant,No,1,NFS,40.0,,Seed bag,,Plants,,,1.0.0,PltMumRed3,3932,pdhzKEEKEWtCGLMj7,OTHER
red-pansy bag,No,10,240,60.0,,Nook's Cranny,,Plants,,,1.0.0,SeedPansyRed,2912,H2phax8XGcyfsxHyM,OTHER
red-pansy plant,No,1,NFS,40.0,,Seed bag,,Plants,,,1.0.0,PltPansyRed3,3852,BQJWgPE6ouCBiNoZn,OTHER
red-rose bag,No,10,240,60.0,,Nook's Cranny,,Plants,,,1.0.0,SeedRoseRed,2936,e7SNQmbsXKT3pkkzS,OTHER
red-rose plant,No,1,NFS,40.0,,Seed bag,,Plants,,,1.0.0,PltRoseRed3,3864,A8c3nW23t98zEzuPY,OTHER
red-tulip bag,No,10,240,60.0,,Nook's Cranny,,Plants,,,1.0.0,SeedTulipRed,2884,6WnmQcHeeC9MAELud,OTHER
red-tulip plant,No,1,NFS,40.0,,Seed bag,,Plants,,,1.0.0,PltTulipRed3,3838,vq6FQiZSEprG7z24A,OTHER
red-windflower bag,No,10,240,60.0,,Nook's Cranny,,Plants,,,1.0.0,SeedAnemonesRed,3724,gstfXhxq6i9XsQeMu,OTHER
red-windflower plant,No,1,NFS,40.0,,Seed bag,,Plants,,,1.0.0,PltAnemonesRed3,3906,R8JKJkD6gjEK548a2,OTHER
round mushroom,No,10,NFS,200.0,,On ground (Mushroom Season),,,,,1.0.0,MushRound,3277,x8LdsoLTpK3eNLsLP,OTHER
rusted part,No,10,NFS,10.0,,Recycle Box,,,,,1.0.0,JohnnyQuestDust1,2389,eNswgjstdGpp6XoKz,OTHER
Sagittarius fragment,No,10,NFS,500.0,,Wishing on shooting stars (November 22 - December 21),,,,,1.0.0,StarpieceSagittarius,5996,9R62eP8SNmyp2BKCw,OTHER
Saharah Ticket,No,5,NFS,100.0,,Saharah,,,,,1.0.0,RollanTicket,9261,hcEpSZjo7pxbNQ4B9,OTHER
sand dollar,No,10,NFS,120.0,,Beach,,,,,1.0.0,ShellDriftSanddollar,1379,7QMCD99jYqLWHvEnR,OTHER
sand path permit,No,1,NFS,,2000.0,Nook Miles Redemption,Found under the Special tab of the Nook Miles Redemption service.,,,,1.0.0,FtrGroundMakerSand,8777,Pw8J67aWPkpfyd2Wa,OTHER
sapling,No,10,640,160.0,,Nook's Cranny,,Plants,,,1.0.0,SeedOak,2794,cD3cQwuLBqLJe2WeM,OTHER
Scorpius fragment,No,10,NFS,500.0,,Wishing on shooting stars (October 23 - November 21),,,,,1.0.0,StarpieceScorpio,5995,qGiMqtK2j3TsC7bNu,OTHER
sea snail,No,10,NFS,180.0,,Beach,,,,,1.0.0,ShellDriftEbisu,1374,5wagvDKnQqp7a3xWD,OTHER
shop construction kit,No,1,NFS,,,Tom Nook,,,,,1.0.0,ShopTent,2756,GgwtWhgJSRb3E4gFt,OTHER
shop moving kit,No,1,NFS,,,Tom Nook,,,,,1.0.0,MovingKitShop,5360,9LmRipQ63jBZ3CGWq,OTHER
skinny mushroom,No,10,NFS,300.0,,On ground (Mushroom Season),,,,,1.0.0,MushSlender,3278,y2htnyw8eDSR8JHJg,OTHER
sky egg,No,30,NFS,200.0,,Colorful balloon (Bunny Day),,,,,1.1.0a,EggSky,12513,SLJ273SKGouTZWTzY,OTHER
snowflake,No,10,NFS,200.0,,Catching with a net (Winter),,,,,1.0.0,SnowCrystal,3539,Ru7DDSmgAT9dxL8cL,OTHER
softwood,No,30,NFS,60.0,,Chopping a tree,,,,,1.0.0,DIYWoodSoft,2767,uP3kCjbqrmTKeo2Ya,OTHER
spoiled turnips,No,1,NFS,100.0,,Expired turnips,,,,,1.0.0,Kabu_Spoil,2642,xPacPLbSrKbYSjBAd,OTHER
star fragment,No,10,NFS,250.0,,Wishing on shooting stars,,,,,1.0.0,Starpiece,5983,Fy2vYDWHtktFPiRjz,OTHER
stone,No,30,NFS,75.0,,"Hitting a rock, Fishing",X-Small shadow when fishing,,,,1.0.0,DIYStone,2502,rQ38YPKd7g8fCBqRC,OTHER
stone egg,No,30,NFS,200.0,,Hitting a rock (Bunny Day),,,,,1.1.0a,EggRock,12510,fHsLgaoNxhWY7BGqm,OTHER
stone path permit,No,1,NFS,,2000.0,Nook Miles Redemption,Found under the Special tab of the Nook Miles Redemption service.,,,,1.0.0,FtrGroundMakerStone,8773,oTy93idiub9zpcb3F,OTHER
summer shell,No,10,NFS,600.0,,Beach (Summer),,,,,1.0.0,ShellDriftSummer,5982,nrfNFuHkwuyx2h25n,OTHER
tailors construction kit,No,1,NFS,,,Tom Nook,,,,,1.0.0,HousingKitTailor,4411,nzXpuGtjkdzS8i7aZ,OTHER
tailors moving kit,No,1,NFS,,,Tom Nook,,,,,1.0.0,MovingKitTailor,5359,GaNHE6Zd7QJtFKMwW,OTHER
tailors ticket,No,10,NFS,250.0,,Label,,,,,1.0.0,TailorTicket,5932,Rq3dAQH4oTDptcDMF,OTHER
Taurus fragment,No,10,NFS,500.0,,Wishing on shooting stars (April 20 - May 20),,,,,1.0.0,StarpieceTaurus,5989,3k9txwAoHfTjWgxtx,OTHER
tent,No,1,NFS,,,Tom Nook,,,,,1.0.0,TutorialTent,2750,Lg4xPPH3PXiNpW268,OTHER
terra-cotta tile permit,No,1,NFS,,2000.0,Nook Miles Redemption,Found under the Special tab of the Nook Miles Redemption service.,,,,1.0.0,FtrGroundMakerTile,8778,RpeWT95qyhD22ePzw,OTHER
Test Your DIY Skills,No,1,2680,,,Nook's Cranny,,,,,1.0.0,DIYbook2,5604,Z98Fu4EyDgeSnqxzE,OTHER
Tool Ring: It's Essential!,No,1,NFS,,800.0,Nook Miles Redemption,,,,,1.0.0,HowtoBookRingMenuUI,9616,AXc86J2LA2TEEgkTy,OTHER
Top 8 Cool Hairstyles,No,1,NFS,,2400.0,Nook Miles Redemption,,,,,1.0.0,HowtoBookHairCool,9050,qRimrPCob8DS8zuug,OTHER
Top 8 Pop Hairstyles,No,1,NFS,,2400.0,Nook Miles Redemption,,,,,1.0.0,HowtoBookHairPop,9049,2KfDyfk47DR6Gw8m9,OTHER
Top 8 Stylish Hair Colors,No,1,NFS,,3000.0,Nook Miles Redemption,,,,,1.0.0,HowtoBookHairColor,9051,JPwL4N6fr494vbJHb,OTHER
treasure,No,1,NFS,0.0,,Digging up treasure for a villager's quest,,,,,1.0.0,TreasureCapsule,2545,KJjoYJDr5g786djiz,OTHER
tree branch,No,30,NFS,5.0,,Shaking a hardwood or cedar tree,,,,,1.0.0,DIYBranch,2500,fDwbwWdq93bLwRRDr,OTHER
turnips,No,1000,NFS,0.0,,Daisy Mae (Sundays),,,,,1.0.0,PhotoStudioKabu,7734,4hQrmzxXh6HRb8TDg,OTHER
Ultimate Pocket Stuffing,No,1,NFS,,8000.0,Nook Miles Redemption,,,,,1.0.0,HowtoBookPocketExpansion2,11140,jLHd4JDRQDRxBhE9o,OTHER
venus comb,No,10,NFS,300.0,,Beach,,,,,1.0.0,ShellDriftHone,1375,rMwbSnAnQ6SR6ov26,OTHER
Virgo fragment,No,10,NFS,500.0,,Wishing on shooting stars (August 23 - September 22),,,,,1.0.0,StarpieceVirgo,5993,6pD87cCAtspPu5xgi,OTHER
wasp nest,No,10,NFS,300.0,,Shaking a hardwood or cedar tree,,Ranch,,,1.0.0,Honeycomb,3263,nzXtgoA5GkWLJnNuv,OTHER
water egg,No,30,NFS,200.0,,Fishing (Bunny Day),,,,,1.1.0a,EggFish,12514,q8ER2p757DRZoqvhB,OTHER
waterscaping permit,No,1,NFS,,6000.0,Nook Miles Redemption,Found under the Special tab of the Nook Miles Redemption service.,,,,1.0.0,FtrRiverMaker,8780,y27SvjCmimgePaN7y,OTHER
What was this again?,No,1,NFS,,,Don't return lost item,,,,,1.0.0,LostQuestBagDust,4642,tFfFLpFHcdbw3AEW3,OTHER
What was this again?,No,1,NFS,,,Don't return lost item,,,,,1.0.0,LostQuestBookDust,4643,uh9ZQCxKj52Entfkv,OTHER
What was this again?,No,1,NFS,,,Don't return lost item,,,,,1.0.0,LostQuestNoteDust,5427,ruc9ZFn2WnduaPXPz,OTHER
white cosmos,No,10,NFS,40.0,,Picking flowers,,Plants,White,Green,1.0.0,FlwCosmosWhite,2305,3e4iLg8KTpbmx6XW4,OTHER
white hyacinths,No,10,NFS,40.0,,Picking flowers,,Plants,White,Green,1.0.0,FlwHyacinthWhite,3730,JtxQ44iAMCEDowPzj,OTHER
white lilies,No,10,NFS,40.0,,Picking flowers,,Plants,White,Green,1.0.0,FlwYuriWhite,2979,HxHDxpDqRQEjiEs5L,OTHER
white mums,No,10,NFS,40.0,,Picking flowers,,Plants,White,Green,1.0.0,FlwMumWhite,3754,nCnEJpwfWp5d3DBaF,OTHER
white pansies,No,10,NFS,40.0,,Picking flowers,,Plants,White,Green,1.0.0,FlwPansyWhite,2907,zxfj87rooXrjMcppa,OTHER
white roses,No,10,NFS,40.0,,Picking flowers,,Plants,White,Green,1.0.0,FlwRoseWhite,2931,2ASg5YXYQr5sqSvwG,OTHER
white tulips,No,10,NFS,40.0,,Picking flowers,,Plants,White,Green,1.0.0,FlwTulipWhite,2879,pzYHqKwsGDPBTsYmP,OTHER
white windflowers,No,10,NFS,40.0,,Picking flowers,,Plants,White,Green,1.0.0,FlwAnemonesWhite,3709,QayiSgWWCqxzfAHwj,OTHER
white wrapping paper,No,10,160,40.0,,Nook's Cranny,,,,,1.0.0,WPaperWhite,7693,xFSvWhgZbhuCvSSpA,OTHER
white-azalea bush,No,1,560,140.0,,,,,,,1.2.0,PltAzaleaWhite2,2861,xmkj9sBpv8pQNGnGT,OTHER
white-azalea nursery,No,1,280,70.0,,,,,,,1.2.0,PltAzaleaWhite0,12747,x7sTALbbhgRkPyg75,OTHER
white-azalea start,No,10,280,70.0,,,,,,,1.2.0,SeedAzaleaWhite,2820,2xmbtR7bGZ9SkctzF,OTHER
white-cosmos bag,No,10,240,60.0,,Nook's Cranny,,Plants,,,1.0.0,SeedCosmosWhite,2629,qkPkqfogiwMf9fKCS,OTHER
white-cosmos plant,No,1,NFS,40.0,,Seed bag,,Plants,,,1.0.0,PltCosmosWhite3,3826,3iZJP9ouR47H43qMJ,OTHER
white-hyacinth bag,No,10,240,60.0,,Nook's Cranny,,Plants,,,1.0.0,SeedHyacinthWhite,3731,iojgh78kpnPtzmjz5,OTHER
white-hyacinth plant,No,1,NFS,40.0,,Seed bag,,Plants,,,1.0.0,PltHyacinthWhite3,3910,uznvYGDDCpPJkYaEJ,OTHER
white-lily bag,No,10,240,60.0,,Nook's Cranny,,Plants,,,1.0.0,SeedYuriWhite,2980,wD5MnM6bM2t88hMs5,OTHER
white-lily plant,No,1,NFS,40.0,,Seed bag,,Plants,,,1.0.0,PltYuriWhite3,3886,jwRXxgLr3hFQsAZB6,OTHER
white-mum bag,No,10,240,60.0,,Nook's Cranny,,Plants,,,1.0.0,SeedMumWhite,3755,PZ8MqZFTibFpr8Lqi,OTHER
white-mum plant,No,1,NFS,40.0,,Seed bag,,Plants,,,1.0.0,PltMumWhite3,3924,hYqfsENa2bSHGznkC,OTHER
white-pansy bag,No,10,240,60.0,,Nook's Cranny,,Plants,,,1.0.0,SeedPansyWhite,2908,RsndrSoamwXzNjD9y,OTHER
white-pansy plant,No,1,NFS,40.0,,Seed bag,,Plants,,,1.0.0,PltPansyWhite3,3850,XmpB3NuR9RS9PXmCM,OTHER
white-rose bag,No,10,240,60.0,,Nook's Cranny,,Plants,,,1.0.0,SeedRoseWhite,2932,FxA5MDvGKZc44uenJ,OTHER
white-rose plant,No,1,NFS,40.0,,Seed bag,,Plants,,,1.0.0,PltRoseWhite3,3862,vJFgRAkAYT32pscBc,OTHER
white-tulip bag,No,10,240,60.0,,Nook's Cranny,,Plants,,,1.0.0,SeedTulipWhite,2880,9JqXDYEJa9M3fGjkX,OTHER
white-tulip plant,No,1,NFS,40.0,,Seed bag,,Plants,,,1.0.0,PltTulipWhite3,3836,EPcGhsMb6jQKpbBnC,OTHER
white-windflower bag,No,10,240,60.0,,Nook's Cranny,,Plants,,,1.0.0,SeedAnemonesWhite,3710,2XmGTkrRQqQbjfEoi,OTHER
white-windflower plant,No,1,NFS,40.0,,Seed bag,,Plants,,,1.0.0,PltAnemonesWhite3,3898,5RMyLD5TYyRTzfLdq,OTHER
Wildest Dreams DIY,No,1,6980,,,Nook's Cranny,,,,,1.0.0,DIYbook3,5605,7DL3HBGPEfgi6XZfX,OTHER
Wisp spirit piece,No,5,NFS,,,Catching with a net while on a quest for Wisp,,,,,1.0.0,YutaroWisp,4702,yhGWoYrexRQRmWkvP,OTHER
wood,No,30,NFS,60.0,,Chopping a tree,,,,,1.0.0,DIYWoodNormal,2768,NYkn4SWpdNtkSjGMz,OTHER
wood egg,No,30,NFS,200.0,,Chopping a tree (Bunny Day),,,,,1.1.0a,EggForest,12512,8adCtThYkk3SrfhhS,OTHER
wooden path permit,No,1,NFS,,2000.0,Nook Miles Redemption,Found under the Special tab of the Nook Miles Redemption service.,,,,1.0.0,FtrGroundMakerWood,8779,2ASyNJsmZJNm774y5,OTHER
yellow cosmos,No,10,NFS,40.0,,Picking flowers,,Plants,Yellow,Green,1.0.0,FlwCosmosYellow,2863,zjAYhjmqMzq3kDBdb,OTHER
yellow hyacinths,No,10,NFS,40.0,,Picking flowers,,Plants,Yellow,Green,1.0.0,FlwHyacinthYellow,3734,4KF7eJpRzonQ585ut,OTHER
yellow lilies,No,10,NFS,40.0,,Picking flowers,,Plants,Yellow,Green,1.0.0,FlwYuriYellow,2987,CYNwo9htHodqc52MC,OTHER
yellow mums,No,10,NFS,40.0,,Picking flowers,,Plants,Yellow,Green,1.0.0,FlwMumYellow,3758,5RAPmcCnKxJuTxsD5,OTHER
yellow pansies,No,10,NFS,40.0,,Picking flowers,,Plants,Yellow,Green,1.0.0,FlwPansyYellow,2915,s5oZ3HMatfcyLFmb7,OTHER
yellow roses,No,10,NFS,40.0,,Picking flowers,,Plants,Yellow,Green,1.0.0,FlwRoseYellow,2939,sfweQbaT8mzKykjhk,OTHER
yellow tulips,No,10,NFS,40.0,,Picking flowers,,Plants,Yellow,Green,1.0.0,FlwTulipYellow,2887,PdZJXzmx5y6JSLrRD,OTHER
yellow wrapping paper,No,10,160,40.0,,Nook's Cranny,,,,,1.0.0,WPaperYellow,7683,DP6esJYrS7WodmWe2,OTHER
yellow-cosmos bag,No,10,240,60.0,,Nook's Cranny,,Plants,,,1.0.0,SeedCosmosYellow,2864,uP5p9469CWwJMRTpW,OTHER
yellow-cosmos plant,No,1,NFS,40.0,,Seed bag,,Plants,,,1.0.0,PltCosmosYellow3,3828,Bh4zXHCea4eaSgmz9,OTHER
yellow-hibiscus bush,No,1,560,140.0,,,,,,,1.2.0,PltHibiscusYellow2,3792,Kb6qYCTJwjNX46xok,OTHER
yellow-hibiscus nursery,No,1,280,70.0,,,,,,,1.2.0,PltHibiscusYellow0,12751,DShJMzBnrS7Sd7mdv,OTHER
yellow-hibiscus start,No,10,280,70.0,,,,,,,1.2.0,SeedHibiscusYellow,3790,ZuDtvHRzubPByTeRG,OTHER
yellow-hyacinth bag,No,1,240,60.0,,Nook's Cranny,,Plants,,,1.0.0,SeedHyacinthYellow,3735,5yZ7783u3awJuzvtj,OTHER
yellow-hyacinth plant,No,1,NFS,40.0,,Seed bag,,Plants,,,1.0.0,PltHyacinthYellow3,3912,TZCvMPvktNmFAFKvP,OTHER
yellow-lily bag,No,10,240,60.0,,Nook's Cranny,,Plants,,,1.0.0,SeedYuriYellow,2988,gQ8rvpd52GD6oPZEB,OTHER
yellow-lily plant,No,1,NFS,40.0,,Seed bag,,Plants,,,1.0.0,PltYuriYellow3,3890,JmyYGEqKsuXG7YJmx,OTHER
yellow-mum bag,No,10,240,60.0,,Nook's Cranny,,Plants,,,1.0.0,SeedMumYellow,3759,PcvPGssP7xWcncSu8,OTHER
yellow-mum plant,No,10,NFS,40.0,,Seed bag,,Plants,,,1.0.0,PltMumYellow3,3926,R7rBdJkoAh4Ss5fc7,OTHER
yellow-pansy bag,No,1,240,60.0,,Nook's Cranny,,Plants,,,1.0.0,SeedPansyYellow,2916,65A93Q3TDrr2TXe7r,OTHER
yellow-pansy plant,No,10,NFS,40.0,,Seed bag,,Plants,,,1.0.0,PltPansyYellow3,3854,4DaoN5DPRbz3LuGPH,OTHER
yellow-rose bag,No,1,240,60.0,,Nook's Cranny,,Plants,,,1.0.0,SeedRoseYellow,2940,BE6hakXFRTg2qdcPT,OTHER
yellow-rose plant,No,10,NFS,40.0,,Seed bag,,Plants,,,1.0.0,PltRoseYellow3,3866,zukyGsru7LprL3Nn3,OTHER
yellow-tea-olive bush,No,1,560,140.0,,,,,,,1.2.0,PltBushOsmathusYellow2,12478,79ausqrAiPDZqBB7Q,OTHER
yellow-tea-olive nursery,No,1,280,70.0,,,,,,,1.2.0,PltBushOsmathusYellow0,12753,9FTtowZKFNMnSnsyk,OTHER
yellow-tea-olive start,No,10,280,70.0,,,,,,,1.2.0,SeedBushOsmathusYellow,12476,u9zmBcFHEqkM47dmk,OTHER
yellow-tulip bag,No,10,240,60.0,,Nook's Cranny,,Plants,,,1.0.0,SeedTulipYellow,2888,dK3ZtSLJjdTpT5fxq,OTHER
yellow-tulip plant,No,1,NFS,40.0,,Seed bag,,Plants,,,1.0.0,PltTulipYellow3,3840,YuRZQh2wgkDnLLK55,OTHER
young blue hydrangea,No,1,420,105.0,,,,,,,1.2.0,PltHydrangeaBlue1,3799,pAJKQx6Mk9hvfzf6Q,OTHER
young holly,No,1,420,105.0,,,,,,,1.2.0,PltHolly1,3026,LRZFgyh733WSifFpA,OTHER
young orange tea olive,No,1,420,105.0,,,,,,,1.2.0,PltBushOsmathusOrange1,12481,nhwo3GqxRh24LkKp2,OTHER
young pink azalea,No,1,420,105.0,,,,,,,1.2.0,PltAzaleaPink1,3787,zWfXh4fQhA3eLkRhh,OTHER
young pink camellia,No,1,420,105.0,,,,,,,1.2.0,PltBushCamelliaPink1,12491,Mr5dT9enE9E9abQB8,OTHER
young pink hydrangea,No,1,420,105.0,,,,,,,1.2.0,PltHydrangeaPink1,3795,J2XWxQvzyQ8svq2Nk,OTHER
young red camellia,No,1,420,105.0,,,,,,,1.2.0,PltBushCamelliaRed1,12488,WyeEuSLKN644gJH2z,OTHER
young red hibiscus,No,1,420,105.0,,,,,,,1.2.0,PltHibiscusRed1,3021,Zr6hN22TvjqPT2Tfr,OTHER
young spring bamboo,No,30,NFS,200.0,,Chopping a bamboo tree (Spring),,,,,1.0.0,DIYBambooSpring,5729,rMwLLdMSqxg3w5gLx,OTHER
young white azalea,No,1,420,105.0,,,,,,,1.2.0,PltAzaleaWhite1,2860,t7FsLxZzZ9mHSppL7,OTHER
young yellow hibiscus,No,1,420,105.0,,,,,,,1.2.0,PltHibiscusYellow1,3791,TWiBkrG8hjyQyvimE,OTHER
young yellow tea olive,No,1,420,105.0,,,,,,,1.2.0,PltBushOsmathusYellow1,12477,SD8BcLrikLWWZYhYm,OTHER
